id,token,hex,bytes,merge_frequency_at_creation,traits
572,␠whe,20776865,4,1811514,leading_space;alphabetic
595,␠199,20313939,4,1674452,leading_space;numeric
603,eople,656f706c65,5,1649034,alphabetic
604,merican,6d65726963616e,7,1647613,alphabetic
655,␠includ,20696e636c7564,7,1390827,leading_space;alphabetic
668,␠bec,20626563,4,1341144,leading_space;alphabetic
691,␠198,20313938,4,1250227,leading_space;numeric
739,␠197,20313937,4,1075806,leading_space;numeric
774,ootball,6f6f7462616c6c,7,994748,alphabetic
800,␠196,20313936,4,939633,leading_space;numeric
815,␠publ,207075626c,5,907680,leading_space;alphabetic
832,resent,726573656e74,6,885252,alphabetic
857,usic,75736963,4,840629,alphabetic
895,␠194,20313934,4,793851,leading_space;numeric
897,istric,697374726963,6,792365,alphabetic
909,␠rele,2072656c65,5,776831,leading_space;alphabetic
961,␠mov,206d6f76,4,707496,leading_space;alphabetic
965,␠writ,2077726974,5,701677,leading_space;alphabetic
1006,␠establ,2065737461626c,7,670768,leading_space;alphabetic
1053,ternational,7465726e6174696f6e616c,11,620231,alphabetic
1063,␠193,20313933,4,612923,leading_space;numeric
1079,ampions,616d70696f6e73,7,597930,alphabetic
1091,areer,6172656572,5,589580,alphabetic
1107,ugust,7567757374,5,574580,alphabetic
1117,eptember,657074656d626572,8,567728,alphabetic
1121,␠rece,2072656365,5,564400,leading_space;alphabetic
1128,overnment,6f7665726e6d656e74,9,559022,alphabetic;suffix_shape
1133,ctober,63746f626572,6,554742,alphabetic
1157,owever,6f7765766572,6,537767,alphabetic
1160,␠orig,206f726967,5,536485,leading_space;alphabetic
1169,pril,7072696c,4,531292,alphabetic
1184,lege,6c656765,4,518167,alphabetic
1218,ampionship,616d70696f6e73686970,10,496816,alphabetic
1219,ajor,616a6f72,4,496743,alphabetic
1264,␠dif,20646966,4,474717,leading_space;alphabetic
1274,resident,7265736964656e74,8,472162,alphabetic
1291,ebruary,65627275617279,7,461895,alphabetic
1427,␠describ,2064657363726962,8,402153,leading_space;alphabetic
1464,␠Geor,2047656f72,5,388743,leading_space;alphabetic;capitalized_candidate
1497,ublic,75626c6963,5,378636,alphabetic
1519,ondon,6f6e646f6e,5,367436,alphabetic
1532,ociation,6f63696174696f6e,8,363498,alphabetic;suffix_shape
1564,␠vari,2076617269,5,353240,leading_space;alphabetic
1602,␠manag,206d616e6167,6,343291,leading_space;alphabetic
1627,ilitary,696c6974617279,7,335801,alphabetic
1638,␠189,20313839,4,329916,leading_space;numeric
1658,ensus,656e737573,5,325978,alphabetic
1672,lymp,6c796d70,4,321818,alphabetic
1692,anguage,616e6775616765,7,316530,alphabetic
1696,urther,757274686572,6,315065,alphabetic
1716,ideo,6964656f,4,310239,alphabetic
1776,␠consid,20636f6e736964,7,296230,leading_space;alphabetic
1786,ifornia,69666f726e6961,7,293986,alphabetic
1797,riend,7269656e64,5,289557,alphabetic
1798,␠larg,206c617267,5,289452,leading_space;alphabetic
1827,useum,757365756d,5,283466,alphabetic
1876,ociety,6f6369657479,6,273963,alphabetic
1935,␠exper,206578706572,6,262628,leading_space;alphabetic
1959,␠186,20313836,4,259306,leading_space;numeric
1966,orthern,6f72746865726e,7,257492,alphabetic
1971,gcolor,67636f6c6f72,6,256659,alphabetic
1983,␠politic,20706f6c69746963,8,253970,leading_space;alphabetic
2037,unicip,756e69636970,6,244398,alphabetic
2044,␠epis,2065706973,5,243082,leading_space;alphabetic
2077,thern,746865726e,5,238342,alphabetic
2078,␠poss,20706f7373,5,238021,leading_space;alphabetic
2089,outhern,6f75746865726e,7,235379,alphabetic
2102,␠Rober,20526f626572,6,234247,leading_space;alphabetic;capitalized_candidate
2110,␠init,20696e6974,5,233555,leading_space;alphabetic
2113,ividual,6976696475616c,7,233207,alphabetic
2124,ccording,63636f7264696e67,8,231146,alphabetic;suffix_shape
2134,umni,756d6e69,4,229328,alphabetic
2148,␠chang,206368616e67,6,227146,leading_space;alphabetic
2160,␠struct,20737472756374,7,225619,leading_space;alphabetic
2241,␠performan,20706572666f726d616e,10,211359,leading_space;alphabetic
2250,␠tog,20746f67,4,210086,leading_space;alphabetic
2256,ashington,617368696e67746f6e,9,209374,alphabetic
2272,arliam,61726c69616d,6,206080,alphabetic
2294,arliament,61726c69616d656e74,9,203354,alphabetic;suffix_shape
2298,␠hig,20686967,4,202443,leading_space;alphabetic
2352,ketball,6b657462616c6c,7,196445,alphabetic
2369,␠Mex,204d6578,4,194888,leading_space;alphabetic;capitalized_candidate
2372,␠indust,20696e64757374,7,194324,leading_space;alphabetic
2378,␠attem,20617474656d,6,193433,leading_space;alphabetic
2389,␠examp,206578616d70,6,192606,leading_space;alphabetic
2422,␠produc,2070726f647563,7,188983,leading_space;alphabetic
2455,␠appe,2061707065,5,185557,leading_space;alphabetic
2480,␠surv,2073757276,5,182250,leading_space;alphabetic
2524,␠Zeal,205a65616c,5,178157,leading_space;alphabetic;capitalized_candidate
2550,ederal,65646572616c,6,176321,alphabetic
2564,heast,6865617374,5,175236,alphabetic
2596,␠gradu,206772616475,6,172293,leading_space;alphabetic
2602,␠Democr,2044656d6f6372,7,171593,leading_space;alphabetic;capitalized_candidate
2605,␠partic,20706172746963,7,171201,leading_space;alphabetic
2636,thlet,74686c6574,5,168662,alphabetic
2639,␠tourn,20746f75726e,6,168249,leading_space;alphabetic
2655,viron,7669726f6e,5,166983,alphabetic
2672,reland,72656c616e64,6,165988,alphabetic
2700,␠avail,20617661696c,6,164376,leading_space;alphabetic
2707,␠rul,2072756c,4,163835,leading_space;alphabetic
2713,usical,75736963616c,6,163381,alphabetic
2732,␠municip,206d756e69636970,8,161927,leading_space;alphabetic
2739,ducation,6475636174696f6e,8,161435,alphabetic;suffix_shape
2759,ishop,6973686f70,5,159705,alphabetic
2761,␠becom,206265636f6d,6,159649,leading_space;alphabetic
2803,ethod,6574686f64,5,156520,alphabetic
2814,␠dram,206472616d,5,155401,leading_space;alphabetic
2819,␠winn,2077696e6e,5,154975,leading_space;alphabetic
2875,vironment,7669726f6e6d656e74,9,151370,alphabetic;suffix_shape
2897,rael,7261656c,4,149510,alphabetic
2925,icago,696361676f,5,147607,alphabetic
2941,␠agre,2061677265,5,146631,leading_space;alphabetic
2983,␠relig,2072656c6967,6,143339,leading_space;alphabetic
2992,merc,6d657263,4,142947,alphabetic
3007,␠Offic,204f66666963,6,142063,leading_space;alphabetic;capitalized_candidate
3022,␠dou,20646f75,4,141233,leading_space;alphabetic
3112,ugby,75676279,4,135113,alphabetic
3113,␠sugg,2073756767,5,135070,leading_space;alphabetic
3115,␠earl,206561726c,5,134928,leading_space;alphabetic
3131,␠subsequ,2073756273657175,8,133961,leading_space;alphabetic
3136,atriate,61747269617465,7,133577,alphabetic
3174,porary,706f72617279,6,131577,alphabetic
3183,␠proble,2070726f626c65,7,130858,leading_space;alphabetic
3190,ublican,75626c6963616e,7,130375,alphabetic
3208,ansas,616e736173,5,129470,alphabetic
3248,sylvania,73796c76616e6961,8,127210,alphabetic
3321,␠neigh,206e65696768,6,123806,leading_space;alphabetic
3335,␠contribut,20636f6e747269627574,10,123227,leading_space;alphabetic
3430,ollowing,6f6c6c6f77696e67,8,118327,alphabetic;suffix_shape
3432,Person,506572736f6e,6,118212,alphabetic;capitalized_candidate
3445,inois,696e6f6973,5,117541,alphabetic
3463,␠reve,2072657665,5,116721,leading_space;alphabetic
3517,unior,756e696f72,5,114367,alphabetic
3538,␠newsp,206e65777370,6,113398,leading_space;alphabetic
3550,amily,616d696c79,5,112899,alphabetic;suffix_shape
3558,␠scient,20736369656e74,7,112660,leading_space;alphabetic
3600,speople,7370656f706c65,7,110705,alphabetic
3655,ancial,616e6369616c,6,108258,alphabetic
3672,␠schol,207363686f6c,6,107491,leading_space;alphabetic
3698,␠territ,20746572726974,7,106628,leading_space;alphabetic
3811,␠veh,20766568,4,102476,leading_space;alphabetic
3840,oston,6f73746f6e,5,101647,alphabetic
3930,ww,7777,2,98368,alphabetic
4038,gypt,67797074,4,95265,alphabetic
4076,achusetts,616368757365747473,9,93891,alphabetic
4096,occer,6f63636572,5,93179,alphabetic
4110,␠diffic,20646966666963,7,93006,leading_space;alphabetic
4124,iginal,6967696e616c,6,92634,alphabetic
4135,ackson,61636b736f6e,6,92255,alphabetic
4151,ograp,6f67726170,5,91795,alphabetic
4190,␠piec,2070696563,5,90654,leading_space;alphabetic
4222,ieuten,69657574656e,6,89865,alphabetic
4234,␠instr,20696e737472,6,89457,leading_space;alphabetic
4236,␠accom,206163636f6d,6,89443,leading_space;alphabetic
4239,␠cust,2063757374,5,89375,leading_space;alphabetic
4270,␠immedi,20696d6d656469,7,88624,leading_space;alphabetic
4289,attal,617474616c,5,87998,alphabetic
4330,␠occas,206f63636173,6,86704,leading_space;alphabetic
4334,emet,656d6574,4,86611,alphabetic
4339,espite,657370697465,6,86438,alphabetic
4343,innes,696e6e6573,5,86386,alphabetic
4359,Polit,506f6c6974,5,86081,alphabetic;capitalized_candidate
4365,␠institut,20696e737469747574,9,86001,leading_space;alphabetic
4368,ieutenant,69657574656e616e74,9,85840,alphabetic
4372,onsin,6f6e73696e,5,85785,alphabetic
4388,isconsin,6973636f6e73696e,8,85518,alphabetic
4407,poration,706f726174696f6e,8,85009,alphabetic;suffix_shape
4414,innesota,696e6e65736f7461,8,84876,alphabetic
4450,␠dise,2064697365,5,83964,leading_space;alphabetic
4479,␠categ,206361746567,6,83241,leading_space;alphabetic
4493,␠citiz,20636974697a,6,82788,leading_space;alphabetic
4509,span,7370616e,4,82482,alphabetic
4555,anguages,616e677561676573,8,81384,alphabetic
4558,izabeth,697a6162657468,7,81325,alphabetic
4581,selves,73656c766573,6,80990,alphabetic
4621,phia,70686961,4,80024,alphabetic
4660,zech,7a656368,4,79198,alphabetic
4665,␠charg,206368617267,6,79085,leading_space;alphabetic
4694,adelphia,6164656c70686961,8,78326,alphabetic
4701,␠targ,2074617267,5,78158,leading_space;alphabetic
4725,␠partn,20706172746e,6,77607,leading_space;alphabetic
4733,ntario,6e746172696f,6,77421,alphabetic
4761,␠ess,20657373,4,76755,leading_space;alphabetic
4805,emetery,656d6574657279,7,75976,alphabetic
4808,␠surn,207375726e,5,75900,leading_space;alphabetic
4809,//,2f2f,2,75893,contains_symbol
4815,etherlands,65746865726c616e6473,10,75774,alphabetic
4837,␠Syd,20537964,4,75433,leading_space;alphabetic;capitalized_candidate
4847,uilding,75696c64696e67,7,75230,alphabetic;suffix_shape
4867,restling,726573746c696e67,8,74838,alphabetic;suffix_shape
4877,␠prin,207072696e,5,74696,leading_space;alphabetic
4897,chestra,63686573747261,7,74266,alphabetic
4905,ibliography,69626c696f677261706879,11,74003,alphabetic
4963,␠Athlet,204174686c6574,7,72750,leading_space;alphabetic;capitalized_candidate
4976,␠confl,20636f6e666c,6,72387,leading_space;alphabetic
4991,attalion,617474616c696f6e,8,72113,alphabetic
5064,Austral,4175737472616c,7,70734,alphabetic;capitalized_candidate
5067,urches,757263686573,6,70717,alphabetic
5075,igade,6967616465,5,70567,alphabetic
5128,␠athlet,206174686c6574,7,69437,leading_space;alphabetic
5161,vanced,76616e636564,6,68846,alphabetic;suffix_shape
5190,lementary,6c656d656e74617279,9,68329,alphabetic
5195,␠agric,206167726963,6,68253,leading_space;alphabetic
5219,error,6572726f72,5,67995,alphabetic
5247,␠funct,2066756e6374,6,67417,leading_space;alphabetic
5263,apore,61706f7265,5,67136,alphabetic
5267,ennessee,656e6e6573736565,8,67017,alphabetic
5280,ternet,7465726e6574,6,66872,alphabetic
5285,wegian,77656769616e,6,66792,alphabetic
5290,ocese,6f63657365,5,66729,alphabetic
5294,␠Indones,20496e646f6e6573,8,66668,leading_space;alphabetic;capitalized_candidate
5296,esign,657369676e,5,66477,alphabetic
5301,␠weap,2077656170,5,66400,leading_space;alphabetic
5305,␠withd,207769746864,6,66287,leading_space;alphabetic
5356,␠vot,20766f74,4,65523,leading_space;alphabetic
5379,␠Indust,20496e64757374,7,65095,leading_space;alphabetic;capitalized_candidate
5415,hemat,68656d6174,5,64579,alphabetic
5426,rizona,72697a6f6e61,6,64428,alphabetic
5437,␠controvers,20636f6e74726f76657273,11,64285,leading_space;alphabetic
5456,efe,656665,3,64023,alphabetic
5482,fef,666566,3,63732,alphabetic
5511,regon,7265676f6e,5,63324,alphabetic
5513,␠Spacew,20537061636577,7,63302,leading_space;alphabetic;capitalized_candidate
5520,␠opportun,206f70706f7274756e,9,63246,leading_space;alphabetic
5544,␠cerem,20636572656d,6,62830,leading_space;alphabetic
5563,ronze,726f6e7a65,5,62597,alphabetic
5572,ambig,616d626967,5,62382,alphabetic
5586,unte,756e7465,4,62096,alphabetic
5589,␠Municip,204d756e69636970,8,62085,leading_space;alphabetic;capitalized_candidate
5592,igenous,6967656e6f7573,7,62032,alphabetic
5627,␠perman,207065726d616e,7,61531,leading_space;alphabetic
5659,iplom,69706c6f6d,5,61131,alphabetic
5664,raq,726171,3,61102,alphabetic
5701,ambiguation,616d626967756174696f6e,11,60556,alphabetic;suffix_shape
5756,␠journ,206a6f75726e,6,59621,leading_space;alphabetic
5776,␠conclud,20636f6e636c7564,8,59407,leading_space;alphabetic
5782,elligence,656c6c6967656e6365,9,59322,alphabetic
5826,iminal,696d696e616c,6,58745,alphabetic
5829,␠vess,2076657373,5,58716,leading_space;alphabetic
5840,uguese,756775657365,6,58525,alphabetic
5848,␠Malays,204d616c617973,7,58371,leading_space;alphabetic;capitalized_candidate
5870,fficial,6666696369616c,7,58031,alphabetic
5876,incoln,696e636f6c6e,6,57889,alphabetic
5908,rainian,7261696e69616e,7,57472,alphabetic
5925,panic,70616e6963,5,57330,alphabetic
5930,lahoma,6c61686f6d61,6,57305,alphabetic
5939,␠strugg,20737472756767,7,57122,leading_space;alphabetic
5978,␠encour,20656e636f7572,7,56512,leading_space;alphabetic
5982,ippi,69707069,4,56478,alphabetic
5997,VID,564944,3,56321,alphabetic
6005,abama,6162616d61,5,56266,alphabetic
6020,␠thous,2074686f7573,6,55968,leading_space;alphabetic
6022,ictional,696374696f6e616c,8,55933,alphabetic
6025,wealth,7765616c7468,6,55899,alphabetic
6045,amilton,616d696c746f6e,7,55585,alphabetic
6077,econd,65636f6e64,5,55081,alphabetic
6084,␠restaur,2072657374617572,8,54996,leading_space;alphabetic
6090,ectic,6563746963,5,54944,alphabetic
6146,␠disestabl,2064697365737461626c,10,54341,leading_space;alphabetic
6164,issippi,69737369707069,7,54102,alphabetic
6239,ottom,6f74746f6d,5,53141,alphabetic
6251,itzerland,69747a65726c616e64,9,52981,alphabetic
6271,glas,676c6173,4,52774,alphabetic
6332,allery,616c6c657279,6,52009,alphabetic
6333,␠mom,206d6f6d,4,51996,leading_space;alphabetic
6341,ecticut,65637469637574,7,51870,alphabetic
6374,amilies,616d696c696573,7,51504,alphabetic
6440,␠locomot,206c6f636f6d6f74,8,50920,leading_space;alphabetic
6464,␠Pict,2050696374,5,50623,leading_space;alphabetic;capitalized_candidate
6470,iami,69616d69,4,50559,alphabetic
6472,achelor,616368656c6f72,7,50523,alphabetic
6478,␠eas,20656173,4,50434,leading_space;alphabetic
6490,bums,62756d73,4,50260,alphabetic
6494,everal,65766572616c,6,50233,alphabetic
6527,escription,65736372697074696f6e,10,49907,alphabetic;suffix_shape
6554,␠Territ,20546572726974,7,49693,leading_space;alphabetic;capitalized_candidate
6583,␠LINE,204c494e45,5,49457,leading_space;alphabetic
6589,uerto,756572746f,5,49335,alphabetic
6635,imens,696d656e73,5,48773,alphabetic
6643,iversary,6976657273617279,8,48684,alphabetic
6672,␠challeng,206368616c6c656e67,9,48406,leading_space;alphabetic
6675,elsh,656c7368,4,48387,alphabetic
6707,␠seg,20736567,4,48084,leading_space;alphabetic
6708,incorporated,696e636f72706f7261746564,12,48076,alphabetic;suffix_shape
6719,ieval,696576616c,5,47963,alphabetic
6742,edition,65646974696f6e,7,47692,alphabetic;suffix_shape
6786,␠Croat,2043726f6174,6,47231,leading_space;alphabetic;capitalized_candidate
6789,␠Colomb,20436f6c6f6d62,7,47225,leading_space;alphabetic;capitalized_candidate
6804,odox,6f646f78,4,47127,alphabetic
6812,tters,7474657273,5,47033,alphabetic;suffix_shape
6816,inguished,696e67756973686564,9,46969,alphabetic;suffix_shape
6836,owntown,6f776e746f776e,7,46796,alphabetic
6849,risis,7269736973,5,46698,alphabetic
6870,␠Eag,20456167,4,46522,leading_space;alphabetic;capitalized_candidate
6889,␠Bangl,2042616e676c,6,46318,leading_space;alphabetic;capitalized_candidate
6909,␠inaug,20696e617567,6,46118,leading_space;alphabetic
6910,␠coord,20636f6f7264,6,46114,leading_space;alphabetic
6912,␠Bulg,2042756c67,5,46112,leading_space;alphabetic;capitalized_candidate
6915,leveland,6c6576656c616e64,8,46084,alphabetic
6918,␠Lank,204c616e6b,5,46039,leading_space;alphabetic;capitalized_candidate
6946,inburgh,696e6275726768,7,45807,alphabetic
6976,␠compris,20636f6d70726973,8,45535,leading_space;alphabetic
7044,␠propos,2070726f706f73,7,44986,leading_space;alphabetic
7049,␠bey,20626579,4,44952,leading_space;alphabetic
7052,␠recip,207265636970,6,44901,leading_space;alphabetic
7090,Flor,466c6f72,4,44577,alphabetic;capitalized_candidate
7094,seud,73657564,4,44555,alphabetic
7105,␠merch,206d65726368,6,44460,leading_space;alphabetic
7109,ttp,747470,3,44400,alphabetic
7127,tsburgh,74736275726768,7,44172,alphabetic
7173,␠franch,206672616e6368,7,43718,leading_space;alphabetic
7180,GBT,474254,3,43657,alphabetic
7252,␠spok,2073706f6b,5,43114,leading_space;alphabetic
7262,␠arrang,20617272616e67,7,43017,leading_space;alphabetic
7269,erbai,6572626169,5,42942,alphabetic
7271,ishops,6973686f7073,6,42920,alphabetic
7296,nergy,6e65726779,5,42662,alphabetic
7331,␠Phill,205068696c6c,6,42372,leading_space;alphabetic;capitalized_candidate
7379,␠advant,20616476616e74,7,42069,leading_space;alphabetic
7402,␠pione,2070696f6e65,6,41869,leading_space;alphabetic
7420,ithuan,69746875616e,6,41695,alphabetic
7440,rastructure,7261737472756374757265,11,41552,alphabetic
7453,ournament,6f75726e616d656e74,9,41396,alphabetic;suffix_shape
7459,azines,617a696e6573,6,41312,alphabetic
7464,␠colleg,20636f6c6c6567,7,41282,leading_space;alphabetic
7475,ailand,61696c616e64,6,41078,alphabetic
7498,intend,696e74656e64,6,40924,alphabetic
7554,␠pand,2070616e64,5,40517,leading_space;alphabetic
7565,␠experien,20657870657269656e,9,40440,leading_space;alphabetic
7605,␠roc,20726f63,4,40126,leading_space;alphabetic
7617,kee,6b6565,3,40032,alphabetic
7620,␠advoc,206164766f63,6,40018,leading_space;alphabetic
7647,␠Clin,20436c696e,5,39803,leading_space;alphabetic;capitalized_candidate
7651,nold,6e6f6c64,4,39779,alphabetic
7661,ellows,656c6c6f7773,6,39710,alphabetic
7672,enezuel,656e657a75656c,7,39621,alphabetic
7676,\x88\x92,8892,2,39612,contains_symbol
7695,duces,6475636573,5,39472,alphabetic
7731,␠varian,2076617269616e,7,39300,leading_space;alphabetic
7759,␠nick,206e69636b,5,39025,leading_space;alphabetic
7761,hematics,68656d6174696373,8,39015,alphabetic
7789,ugoslav,75676f736c6176,7,38856,alphabetic
7806,␠opin,206f70696e,5,38719,leading_space;alphabetic
7807,urday,7572646179,5,38716,alphabetic
7808,␠ancest,20616e63657374,7,38711,leading_space;alphabetic
7843,␠licens,206c6963656e73,7,38520,leading_space;alphabetic
7867,mingham,6d696e6768616d,7,38380,alphabetic
7889,assador,61737361646f72,7,38253,alphabetic
7923,␠ille,20696c6c65,5,38014,leading_space;alphabetic
7949,insula,696e73756c61,6,37853,alphabetic
7954,endment,656e646d656e74,7,37786,alphabetic;suffix_shape
7956,␠Azerbai,20417a6572626169,8,37779,leading_space;alphabetic;capitalized_candidate
7988,␠emot,20656d6f74,5,37457,leading_space;alphabetic
8018,ovation,6f766174696f6e,7,37258,alphabetic;suffix_shape
8027,EFA,454641,3,37179,alphabetic
8039,␠proced,2070726f636564,7,37122,leading_space;alphabetic
8053,␠Agric,204167726963,6,37045,leading_space;alphabetic;capitalized_candidate
8060,ategy,6174656779,5,36959,alphabetic
8084,ebraska,65627261736b61,7,36853,alphabetic
8105,␠neighbour,206e65696768626f7572,10,36649,leading_space;alphabetic
8122,avalry,6176616c7279,6,36569,alphabetic
8172,␠premi,207072656d69,6,36160,leading_space;alphabetic
8203,leans,6c65616e73,5,35966,alphabetic
8227,orkshire,6f726b7368697265,8,35822,alphabetic
8242,leyball,6c657962616c6c,7,35749,alphabetic
8294,irates,697261746573,6,35437,alphabetic
8317,aptist,617074697374,6,35300,alphabetic
8319,␠Glas,20476c6173,5,35287,leading_space;alphabetic;capitalized_candidate
8329,atabase,61746162617365,7,35240,alphabetic
8331,␠imprison,20696d707269736f6e,9,35231,leading_space;alphabetic
8333,Afric,4166726963,5,35212,alphabetic;capitalized_candidate
8341,ranean,72616e65616e,6,35168,alphabetic
8342,␠insc,20696e7363,5,35159,leading_space;alphabetic
8373,ommod,6f6d6d6f64,5,34970,alphabetic
8375,␠ans,20616e73,4,34967,leading_space;alphabetic
8387,␠submar,207375626d6172,7,34875,leading_space;alphabetic
8396,␠YouT,20596f7554,5,34839,leading_space;alphabetic;capitalized_candidate
8464,itime,6974696d65,5,34414,alphabetic
8477,␠Venezuel,2056656e657a75656c,9,34317,leading_space;alphabetic;capitalized_candidate
8491,plete,706c657465,5,34249,alphabetic
8516,iggest,696767657374,6,34119,alphabetic
8537,␠Lithuan,204c69746875616e,8,34026,leading_space;alphabetic;capitalized_candidate
8554,␠nickn,206e69636b6e,6,33908,leading_space;alphabetic
8555,resents,726573656e7473,7,33902,alphabetic
8558,␠unsuccess,20756e73756363657373,10,33872,leading_space;alphabetic
8596,␠Leban,204c6562616e,6,33616,leading_space;alphabetic;capitalized_candidate
8597,isode,69736f6465,5,33613,alphabetic
8644,␠releg,2072656c6567,6,33372,leading_space;alphabetic
8675,jamin,6a616d696e,5,33241,alphabetic
8691,auty,61757479,4,33137,alphabetic
8743,iterranean,6974657272616e65616e,10,32840,alphabetic
8778,␠cous,20636f7573,5,32694,leading_space;alphabetic
8782,ibbean,69626265616e,6,32654,alphabetic
8797,␠incorpor,20696e636f72706f72,9,32583,leading_space;alphabetic
8815,mphony,6d70686f6e79,6,32495,alphabetic
8818,␠inher,20696e686572,6,32456,leading_space;alphabetic
8824,ouncill,6f756e63696c6c,7,32424,alphabetic
8825,␠somew,20736f6d6577,6,32410,leading_space;alphabetic
8855,incinn,696e63696e6e,6,32190,alphabetic
8863,annels,616e6e656c73,6,32133,alphabetic
8865,ouver,6f75766572,5,32130,alphabetic
8871,tenance,74656e616e6365,7,32112,alphabetic
8897,␠accur,206163637572,6,31942,leading_space;alphabetic
8905,xts,787473,3,31888,alphabetic
8912,␠kilomet,206b696c6f6d6574,8,31852,leading_space;alphabetic
8927,ricane,726963616e65,6,31772,alphabetic
8937,usalem,7573616c656d,6,31689,alphabetic
8939,orce,6f726365,4,31684,alphabetic
8946,incinnati,696e63696e6e617469,9,31662,alphabetic
8960,heme,68656d65,4,31570,alphabetic
9043,hattan,68617474616e,6,31130,alphabetic
9103,eoples,656f706c6573,6,30865,alphabetic
9138,␠unus,20756e7573,5,30689,leading_space;alphabetic
9145,itecture,6974656374757265,8,30613,alphabetic
9155,␠danc,2064616e63,5,30554,leading_space;alphabetic
9276,ancouver,616e636f75766572,8,29905,alphabetic
9285,␠integ,20696e746567,6,29846,leading_space;alphabetic
9291,␠destr,206465737472,6,29801,leading_space;alphabetic
9298,␠surre,207375727265,6,29782,leading_space;alphabetic
9300,essions,657373696f6e73,7,29757,alphabetic
9332,␠manusc,206d616e757363,7,29623,leading_space;alphabetic
9333,␠jurisd,206a7572697364,7,29620,leading_space;alphabetic
9366,celona,63656c6f6e61,6,29479,alphabetic
9403,␠Eston,204573746f6e,6,29348,leading_space;alphabetic;capitalized_candidate
9411,␠Concer,20436f6e636572,7,29310,leading_space;alphabetic;capitalized_candidate
9418,elaide,656c61696465,6,29264,alphabetic
9448,ilarly,696c61726c79,6,29126,alphabetic;suffix_shape
9454,␠alco,20616c636f,5,29096,leading_space;alphabetic
9460,uckland,75636b6c616e64,7,29068,alphabetic
9461,␠subsidi,2073756273696469,8,29066,leading_space;alphabetic
9494,ttps,74747073,4,28907,alphabetic
9503,celand,63656c616e64,6,28843,alphabetic
9505,ducational,6475636174696f6e616c,10,28839,alphabetic
9506,ijing,696a696e67,5,28839,alphabetic;suffix_shape
9512,uador,7561646f72,5,28801,alphabetic
9521,ipients,697069656e7473,7,28763,alphabetic
9579,verseas,76657273656173,7,28510,alphabetic
9598,reprene,72657072656e65,7,28431,alphabetic
9633,ountry,6f756e747279,6,28277,alphabetic
9655,␠rif,20726966,4,28168,leading_space;alphabetic
9703,␠wides,207769646573,6,27938,leading_space;alphabetic
9721,ictionary,696374696f6e617279,9,27884,alphabetic
9748,␠beet,2062656574,5,27783,leading_space;alphabetic
9762,pread,7072656164,5,27722,alphabetic
9828,␠phr,20706872,4,27457,leading_space;alphabetic
9856,␠shif,2073686966,5,27322,leading_space;alphabetic
9865,sterdam,7374657264616d,7,27276,alphabetic
9914,␠pregn,20707265676e,6,27059,leading_space;alphabetic
9920,alph,616c7068,4,27039,alphabetic
9939,agre,61677265,4,26960,alphabetic
9948,aukee,61756b6565,5,26909,alphabetic
9956,math,6d617468,4,26881,alphabetic
9962,gom,676f6d,3,26860,alphabetic
9970,ilty,696c7479,4,26811,alphabetic
9991,␠celeb,2063656c6562,6,26735,leading_space;alphabetic
10039,␠extens,20657874656e73,7,26525,leading_space;alphabetic
10055,␠atmosp,2061746d6f7370,7,26476,leading_space;alphabetic
10060,Athlet,4174686c6574,6,26462,alphabetic;capitalized_candidate
10082,igrated,69677261746564,7,26376,alphabetic;suffix_shape
10091,␠philos,207068696c6f73,7,26333,leading_space;alphabetic
10133,ultane,756c74616e65,6,26182,alphabetic
10136,␠Ethiop,20457468696f70,7,26179,leading_space;alphabetic;capitalized_candidate
10149,␠colle,20636f6c6c65,6,26143,leading_space;alphabetic
10156,waukee,7761756b6565,6,26115,alphabetic
10157,ounsel,6f756e73656c,6,26115,alphabetic
10163,␠Moroc,204d6f726f63,6,26106,leading_space;alphabetic;capitalized_candidate
10174,␠tas,20746173,4,26074,leading_space;alphabetic
10177,␠acknow,2061636b6e6f77,7,26058,leading_space;alphabetic
10194,igible,696769626c65,6,25992,alphabetic;suffix_shape
10231,udden,756464656e,5,25871,alphabetic
10234,Swed,53776564,4,25859,alphabetic;capitalized_candidate
10281,keley,6b656c6579,5,25687,alphabetic
10307,␠tempor,2074656d706f72,7,25578,leading_space;alphabetic
10391,elfare,656c66617265,6,25318,alphabetic
10392,ilipino,696c6970696e6f,7,25317,alphabetic
10393,␠foss,20666f7373,5,25316,leading_space;alphabetic
10432,gorith,676f72697468,6,25162,alphabetic
10435,␠persp,207065727370,6,25158,leading_space;alphabetic
10464,ntil,6e74696c,4,25055,alphabetic
10483,␠predecess,20707265646563657373,10,24995,leading_space;alphabetic
10497,␠signif,207369676e6966,7,24951,leading_space;alphabetic
10507,ellion,656c6c696f6e,6,24917,alphabetic
10530,␠earthqu,2065617274687175,8,24838,leading_space;alphabetic
10559,␠excell,20657863656c6c,7,24757,leading_space;alphabetic
10567,gomery,676f6d657279,6,24735,alphabetic
10571,icance,6963616e6365,6,24728,alphabetic
10656,nex,6e6578,3,24392,alphabetic
10659,mpt,6d7074,3,24373,alphabetic
10676,␠wat,20776174,4,24313,leading_space;alphabetic
10683,hematic,68656d61746963,7,24300,alphabetic
10697,ershire,65727368697265,7,24260,alphabetic
10698,itially,697469616c6c79,7,24256,alphabetic;suffix_shape
10728,itual,697475616c,5,24143,alphabetic
10741,theless,7468656c657373,7,24105,alphabetic
10754,␠holid,20686f6c6964,6,24062,leading_space;alphabetic
10757,␠recru,207265637275,6,24049,leading_space;alphabetic
10766,␠Antar,20416e746172,6,24026,leading_space;alphabetic;capitalized_candidate
10768,␠Byz,2042797a,4,24017,leading_space;alphabetic;capitalized_candidate
10776,erala,6572616c61,5,23988,alphabetic
10822,erally,6572616c6c79,6,23842,alphabetic;suffix_shape
10844,aseball,61736562616c6c,7,23718,alphabetic
10855,erset,6572736574,5,23681,alphabetic
10869,rehensive,726568656e73697665,9,23647,alphabetic
10884,␠resemb,20726573656d62,7,23602,leading_space;alphabetic
10891,tingham,74696e6768616d,7,23578,alphabetic
10934,ffbb,66666262,4,23419,alphabetic
10956,␠simultane,2073696d756c74616e65,10,23346,leading_space;alphabetic
10962,␠swit,2073776974,5,23330,leading_space;alphabetic
10967,ffield,666669656c64,6,23312,alphabetic
10998,␠Bruns,204272756e73,6,23220,leading_space;alphabetic;capitalized_candidate
11000,alymp,616c796d70,5,23219,alphabetic
11085,␠surviv,20737572766976,7,22920,leading_space;alphabetic
11160,␠Celt,2043656c74,5,22694,leading_space;alphabetic;capitalized_candidate
11174,ullivan,756c6c6976616e,7,22652,alphabetic
11179,␠algorith,20616c676f72697468,9,22640,leading_space;alphabetic
11198,ardens,617264656e73,6,22602,alphabetic
11203,␠reven,20726576656e,6,22596,leading_space;alphabetic
11215,namese,6e616d657365,6,22543,alphabetic
11226,␠helic,2068656c6963,6,22514,leading_space;alphabetic
11264,itars,6974617273,5,22375,alphabetic
11325,inceton,696e6365746f6e,7,22203,alphabetic
11335,␠entreprene,20656e7472657072656e65,11,22185,leading_space;alphabetic
11338,amep,616d6570,4,22175,alphabetic
11361,velt,76656c74,4,22113,alphabetic
11373,␠sympt,2073796d7074,6,22084,leading_space;alphabetic
11408,akespe,616b65737065,6,22003,alphabetic
11409,␠thir,2074686972,5,22001,leading_space;alphabetic
11432,akespeare,616b65737065617265,9,21938,alphabetic
11436,byter,6279746572,5,21922,alphabetic
11502,agonist,61676f6e697374,7,21752,alphabetic
11503,atchewan,617463686577616e,8,21752,alphabetic
11512,␠Sloven,20536c6f76656e,7,21732,leading_space;alphabetic;capitalized_candidate
11523,Mex,4d6578,3,21704,alphabetic;capitalized_candidate
11574,ammals,616d6d616c73,6,21562,alphabetic
11594,ephew,6570686577,5,21505,alphabetic
11598,allest,616c6c657374,6,21483,alphabetic
11652,␠Brisb,204272697362,6,21342,leading_space;alphabetic;capitalized_candidate
11657,Sched,5363686564,5,21319,alphabetic;capitalized_candidate
11669,␠mathematic,206d617468656d61746963,11,21289,leading_space;alphabetic
11676,␠accomp,206163636f6d70,7,21253,leading_space;alphabetic
11678,iago,6961676f,4,21249,alphabetic
11716,osevelt,6f736576656c74,7,21144,alphabetic
11724,anion,616e696f6e,5,21130,alphabetic
11725,prus,70727573,4,21130,alphabetic
11729,entle,656e746c65,5,21125,alphabetic
11736,ovina,6f76696e61,5,21113,alphabetic
11741,levard,6c6576617264,6,21104,alphabetic
11768,pring,7072696e67,5,20993,alphabetic;suffix_shape
11797,ussels,757373656c73,6,20919,alphabetic
11810,␠Napole,204e61706f6c65,7,20899,leading_space;alphabetic;capitalized_candidate
11825,ffee,66666565,4,20846,alphabetic
11840,oyage,6f79616765,5,20810,alphabetic
11935,umbai,756d626169,5,20558,alphabetic
11997,␠astronom,20617374726f6e6f6d,9,20435,leading_space;alphabetic
11999,ameplay,616d65706c6179,7,20429,alphabetic
12009,␠sket,20736b6574,5,20383,leading_space;alphabetic
12010,␠guar,2067756172,5,20380,leading_space;alphabetic
12060,ospel,6f7370656c,5,20258,alphabetic
12063,bug,627567,3,20241,alphabetic
12079,aude,61756465,4,20207,alphabetic
12094,␠ninet,206e696e6574,6,20173,leading_space;alphabetic
12102,appe,61707065,4,20166,alphabetic
12106,␠Urugu,205572756775,6,20157,leading_space;alphabetic;capitalized_candidate
12165,enhagen,656e686167656e,7,20005,alphabetic
12171,ashire,617368697265,6,19985,alphabetic
12177,monton,6d6f6e746f6e,6,19972,alphabetic
12186,␠referend,207265666572656e64,9,19946,leading_space;alphabetic
12203,intendent,696e74656e64656e74,9,19888,alphabetic
12215,␠els,20656c73,4,19862,leading_space;alphabetic
12264,emies,656d696573,5,19738,alphabetic
12284,␠councill,20636f756e63696c6c,9,19682,leading_space;alphabetic
12286,SPN,53504e,3,19681,alphabetic
12294,␠Manit,204d616e6974,6,19657,leading_space;alphabetic;capitalized_candidate
12327,terbury,74657262757279,7,19595,alphabetic
12357,iliary,696c69617279,6,19511,alphabetic
12366,angular,616e67756c6172,7,19493,alphabetic
12377,ificate,69666963617465,7,19455,alphabetic
12406,␠Glou,20476c6f75,5,19396,leading_space;alphabetic;capitalized_candidate
12424,reci,72656369,4,19349,alphabetic
12429,abwe,61627765,4,19338,alphabetic
12439,ternoon,7465726e6f6f6e,7,19289,alphabetic
12449,␠orche,206f72636865,6,19262,leading_space;alphabetic
12477,␠Leic,204c656963,5,19187,leading_space;alphabetic;capitalized_candidate
12480,␠Volunte,20566f6c756e7465,8,19183,leading_space;alphabetic;capitalized_candidate
12491,␠prest,207072657374,6,19155,leading_space;alphabetic
12503,apters,617074657273,6,19129,alphabetic;suffix_shape
12522,␠cyl,2063796c,4,19094,leading_space;alphabetic
12529,imbabwe,696d6261627765,7,19078,alphabetic
12532,byterian,627974657269616e,8,19066,alphabetic
12539,stanbul,7374616e62756c,7,19049,alphabetic
12553,␠ib,206962,3,19027,leading_space;alphabetic
12556,intendo,696e74656e646f,7,19020,alphabetic
12557,␠torped,20746f72706564,7,19015,leading_space;alphabetic
12593,artet,6172746574,5,18932,alphabetic
12604,compass,636f6d70617373,7,18913,alphabetic
12622,ocumentary,6f63756d656e74617279,10,18860,alphabetic
12623,oday,6f646179,4,18858,alphabetic
12636,␠botan,20626f74616e,6,18833,leading_space;alphabetic
12682,␠surpr,207375727072,6,18722,leading_space;alphabetic
12684,gary,67617279,4,18716,alphabetic
12717,lando,6c616e646f,5,18641,alphabetic
12742,ndez,6e64657a,4,18596,alphabetic
12779,athered,61746865726564,7,18502,alphabetic;suffix_shape
12784,legraph,6c656772617068,7,18494,alphabetic
12822,␠Paralymp,20506172616c796d70,9,18413,leading_space;alphabetic;capitalized_candidate
12824,␠Belf,2042656c66,5,18410,leading_space;alphabetic;capitalized_candidate
12826,␠nam,206e616d,4,18408,leading_space;alphabetic
12828,embourg,656d626f757267,7,18408,alphabetic
12862,etles,65746c6573,5,18347,alphabetic
12904,␠promin,2070726f6d696e,7,18254,leading_space;alphabetic
12953,ambers,616d62657273,6,18143,alphabetic;suffix_shape
12991,uxiliary,7578696c69617279,8,18081,alphabetic
13010,uisine,756973696e65,6,18027,alphabetic
13021,␠Qbug,2051627567,5,17996,leading_space;alphabetic;capitalized_candidate
13030,␠physic,20706879736963,7,17970,leading_space;alphabetic
13031,dinand,64696e616e64,6,17969,alphabetic
13064,␠enthus,20656e74687573,7,17883,leading_space;alphabetic
13075,atem,6174656d,4,17858,alphabetic
13099,egovina,65676f76696e61,7,17814,alphabetic
13122,␠Warri,205761727269,6,17777,leading_space;alphabetic;capitalized_candidate
13129,␠bord,20626f7264,5,17760,leading_space;alphabetic
13205,ascar,6173636172,5,17583,alphabetic
13229,anyon,616e796f6e,5,17525,alphabetic
13258,iott,696f7474,4,17461,alphabetic
13278,␠Monteneg,204d6f6e74656e6567,9,17432,leading_space;alphabetic;capitalized_candidate
13311,appeared,6170706561726564,8,17361,alphabetic;suffix_shape
13318,olics,6f6c696373,5,17347,alphabetic
13328,Belg,42656c67,4,17338,alphabetic;capitalized_candidate
13351,␠independ,20696e646570656e64,9,17303,leading_space;alphabetic
13352,wid,776964,3,17302,alphabetic
13395,utical,75746963616c,6,17222,alphabetic
13402,␠headquarter,206865616471756172746572,12,17210,leading_space;alphabetic
13430,tense,74656e7365,5,17141,alphabetic
13432,␠Citiz,20436974697a,6,17137,leading_space;alphabetic;capitalized_candidate
13438,abet,61626574,4,17124,alphabetic
13441,␠Achie,204163686965,6,17121,leading_space;alphabetic;capitalized_candidate
13489,␠assum,20617373756d,6,17012,leading_space;alphabetic
13493,avery,6176657279,5,17006,alphabetic
13520,␠Tanz,2054616e7a,5,16946,leading_space;alphabetic;capitalized_candidate
13521,ocaust,6f6361757374,6,16943,alphabetic
13535,␠abund,206162756e64,6,16900,leading_space;alphabetic
13537,␠sovere,20736f76657265,7,16898,leading_space;alphabetic
13596,Turk,5475726b,4,16769,alphabetic;capitalized_candidate
13597,␠prelim,207072656c696d,7,16768,leading_space;alphabetic
13612,irgin,697267696e,5,16748,alphabetic
13671,cestershire,6365737465727368697265,11,16656,alphabetic
13695,idance,6964616e6365,6,16591,alphabetic
13703,Cath,43617468,4,16577,alphabetic;capitalized_candidate
13711,Pak,50616b,3,16562,alphabetic;capitalized_candidate
13727,␠autob,206175746f62,6,16528,leading_space;alphabetic
13760,ipzig,69707a6967,5,16474,alphabetic
13777,␠soc,20736f63,4,16435,leading_space;alphabetic
13795,habilit,686162696c6974,7,16407,alphabetic
13811,agascar,61676173636172,7,16379,alphabetic
13820,ometown,6f6d65746f776e,7,16360,alphabetic
13849,␠Ports,20506f727473,6,16318,leading_space;alphabetic;capitalized_candidate
13893,lymouth,6c796d6f757468,7,16248,alphabetic
13911,inced,696e636564,5,16202,alphabetic;suffix_shape
13926,␠Clif,20436c6966,5,16168,leading_space;alphabetic;capitalized_candidate
13938,␠divor,206469766f72,6,16146,leading_space;alphabetic
13951,ergus,6572677573,5,16123,alphabetic
13968,ridor,7269646f72,5,16092,alphabetic
13975,␠warri,207761727269,6,16079,leading_space;alphabetic
14000,Foot,466f6f74,4,16030,alphabetic;capitalized_candidate
14012,␠Middles,204d6964646c6573,8,15989,leading_space;alphabetic;capitalized_candidate
14042,␠clot,20636c6f74,5,15920,leading_space;alphabetic
14052,uline,756c696e65,5,15899,alphabetic
14076,munition,6d756e6974696f6e,8,15861,alphabetic;suffix_shape
14097,Scot,53636f74,4,15839,alphabetic;capitalized_candidate
14132,iblical,69626c6963616c,7,15784,alphabetic
14142,Bec,426563,3,15765,alphabetic;capitalized_candidate
14161,ashtra,617368747261,6,15742,alphabetic
14170,␠Czechosl,20437a6563686f736c,9,15736,leading_space;alphabetic;capitalized_candidate
14182,␠Utt,20557474,4,15709,leading_space;alphabetic;capitalized_candidate
14199,ipeg,69706567,4,15663,alphabetic
14205,anmar,616e6d6172,5,15656,alphabetic
14241,neapolis,6e6561706f6c6973,8,15590,alphabetic
14244,colm,636f6c6d,4,15586,alphabetic
14291,ipedia,697065646961,6,15521,alphabetic
14292,iblings,69626c696e6773,7,15521,alphabetic
14325,thouse,74686f757365,6,15466,alphabetic
14326,urrect,757272656374,6,15465,alphabetic
14382,eneath,656e65617468,6,15379,alphabetic
14417,Liter,4c69746572,5,15311,alphabetic;capitalized_candidate
14430,sterious,73746572696f7573,8,15294,alphabetic
14453,inyl,696e796c,4,15262,alphabetic
14492,ández,c3a16e64657a,6,15197,alphabetic
14504,␠Excell,20457863656c6c,7,15171,leading_space;alphabetic;capitalized_candidate
14520,␠posthum,20706f737468756d,8,15140,leading_space;alphabetic
14560,atriates,6174726961746573,8,15085,alphabetic
14586,server,736572766572,6,15046,alphabetic
14587,nesday,6e6573646179,6,15045,alphabetic
14591,hops,686f7073,4,15035,alphabetic
14605,ataka,6174616b61,5,15011,alphabetic
14612,prises,707269736573,6,15001,alphabetic
14648,zyme,7a796d65,4,14956,alphabetic
14650,orient,6f7269656e74,6,14953,alphabetic
14651,ursday,757273646179,6,14950,alphabetic
14653,vironments,7669726f6e6d656e7473,10,14948,alphabetic
14674,␠gif,20676966,4,14922,leading_space;alphabetic
14678,innaeus,696e6e61657573,7,14917,alphabetic
14679,␠Garc,2047617263,5,14917,leading_space;alphabetic;capitalized_candidate
14710,␠camer,2063616d6572,6,14868,leading_space;alphabetic
14717,␠unve,20756e7665,5,14859,leading_space;alphabetic
14727,␠Reynold,205265796e6f6c64,8,14838,leading_space;alphabetic;capitalized_candidate
14737,phabet,706861626574,6,14825,alphabetic
14749,clesiast,636c657369617374,8,14804,alphabetic
14755,␠NAT,204e4154,4,14786,leading_space;alphabetic
14761,␠destro,2064657374726f,7,14762,leading_space;alphabetic
14777,expected,6578706563746564,8,14727,alphabetic;suffix_shape
14817,chez,6368657a,4,14671,alphabetic
14832,adors,61646f7273,5,14634,alphabetic
14865,␠symm,2073796d6d,5,14585,leading_space;alphabetic
14866,ourney,6f75726e6579,6,14585,alphabetic
14896,sites,7369746573,5,14540,alphabetic
14898,␠Aberde,20416265726465,7,14540,leading_space;alphabetic;capitalized_candidate
14927,kok,6b6f6b,3,14497,alphabetic
14944,␠advertis,206164766572746973,9,14471,leading_space;alphabetic
14961,␠Guatem,2047756174656d,7,14446,leading_space;alphabetic;capitalized_candidate
14975,NES,4e4553,3,14434,alphabetic
14993,ylan,796c616e,4,14415,alphabetic
15003,␠exha,2065786861,5,14396,leading_space;alphabetic
15125,ennium,656e6e69756d,6,14239,alphabetic
15177,␠cruis,206372756973,6,14145,leading_space;alphabetic
15188,iploma,69706c6f6d61,6,14130,alphabetic
15215,foundland,666f756e646c616e64,9,14090,alphabetic
15225,arvae,6172766165,5,14070,alphabetic
15238,eppe,65707065,4,14060,alphabetic
15242,ifax,69666178,4,14056,alphabetic
15247,␠artif,206172746966,6,14050,leading_space;alphabetic
15342,ighthouse,69676874686f757365,9,13918,alphabetic
15352,veill,7665696c6c,5,13907,alphabetic
15361,lét,6cc3a974,4,13894,alphabetic
15362,osystem,6f73797374656d,7,13894,alphabetic
15369,␠deriv,206465726976,6,13885,leading_space;alphabetic
15371,ountain,6f756e7461696e,7,13881,alphabetic
15415,ablo,61626c6f,4,13805,alphabetic
15418,␠Sacram,2053616372616d,7,13804,leading_space;alphabetic;capitalized_candidate
15421,Neigh,4e65696768,5,13801,alphabetic;capitalized_candidate
15431,␠Kurd,204b757264,5,13792,leading_space;alphabetic;capitalized_candidate
15456,␠surrend,2073757272656e64,8,13744,leading_space;alphabetic
15459,␠entr,20656e7472,5,13738,leading_space;alphabetic
15473,imensions,696d656e73696f6e73,9,13719,alphabetic
15488,␠sacrif,20736163726966,7,13693,leading_space;alphabetic
15490,fb,6662,2,13689,alphabetic
15556,␠Agre,2041677265,5,13604,leading_space;alphabetic;capitalized_candidate
15563,␠overw,206f76657277,6,13593,leading_space;alphabetic
15584,␠theolog,207468656f6c6f67,8,13552,leading_space;alphabetic
15600,␠Pione,2050696f6e65,6,13531,leading_space;alphabetic;capitalized_candidate
15702,ledon,6c65646f6e,5,13391,alphabetic
15707,Administ,41646d696e697374,8,13388,alphabetic;capitalized_candidate
15710,inki,696e6b69,4,13386,alphabetic
15746,orcester,6f72636573746572,8,13342,alphabetic
15761,eals,65616c73,4,13325,alphabetic
15769,␠Bulld,2042756c6c64,6,13313,leading_space;alphabetic;capitalized_candidate
15845,␠practition,2070726163746974696f6e,11,13209,leading_space;alphabetic
15863,flix,666c6978,4,13184,alphabetic
15922,␠ske,20736b65,4,13112,leading_space;alphabetic
15931,squ,737175,3,13102,alphabetic
15946,egie,65676965,4,13083,alphabetic
15975,ologne,6f6c6f676e65,6,13052,alphabetic
16004,␠homosex,20686f6d6f736578,8,13014,leading_space;alphabetic
16026,...],2e2e2e5d,4,12980,contains_symbol
16040,tymology,74796d6f6c6f6779,8,12966,alphabetic
16088,erground,657267726f756e64,8,12895,alphabetic
16149,␠unem,20756e656d,5,12800,leading_space;alphabetic
16168,␠confron,20636f6e66726f6e,8,12773,leading_space;alphabetic
16169,ufacturing,75666163747572696e67,10,12772,alphabetic;suffix_shape
16185,␠Wander,2057616e646572,7,12747,leading_space;alphabetic;capitalized_candidate
16221,agreb,6167726562,5,12693,alphabetic
16238,␠marri,206d61727269,6,12668,leading_space;alphabetic
16261,imity,696d697479,5,12639,alphabetic
16266,␠Edu,20456475,4,12635,leading_space;alphabetic;capitalized_candidate
16291,␠Initi,20496e697469,6,12601,leading_space;alphabetic;capitalized_candidate
16300,␠alumin,20616c756d696e,7,12591,leading_space;alphabetic
16301,estock,6573746f636b,6,12590,alphabetic
16311,␠Congreg,20436f6e67726567,8,12581,leading_space;alphabetic;capitalized_candidate
16324,ritic,7269746963,5,12567,alphabetic
16337,␠remn,2072656d6e,5,12543,leading_space;alphabetic
16338,arthy,6172746879,5,12543,alphabetic
16339,Amer,416d6572,4,12542,alphabetic;capitalized_candidate
16369,␠postpon,20706f7374706f6e,8,12484,leading_space;alphabetic
16409,␠upris,207570726973,6,12433,leading_space;alphabetic
16413,ommission,6f6d6d697373696f6e,9,12428,alphabetic;suffix_shape
16457,ucture,756374757265,6,12389,alphabetic
16465,letcher,6c657463686572,7,12374,alphabetic
16485,␠preval,2070726576616c,7,12359,leading_space;alphabetic
16515,roleum,726f6c65756d,6,12319,alphabetic
16534,ampire,616d70697265,6,12289,alphabetic
16542,␠troubl,2074726f75626c,7,12278,leading_space;alphabetic
16601,␠subdiv,20737562646976,7,12200,leading_space;alphabetic
16644,cedes,6365646573,5,12152,alphabetic
16650,␠hect,2068656374,5,12146,leading_space;alphabetic
16657,uttgart,75747467617274,7,12136,alphabetic
16693,␠prepar,20707265706172,7,12097,leading_space;alphabetic
16708,imbledon,696d626c65646f6e,8,12076,alphabetic
16714,UCN,55434e,3,12065,alphabetic
16724,andin,616e64696e,5,12056,alphabetic
16787,artime,617274696d65,6,11994,alphabetic
16792,␠Philharm,205068696c6861726d,9,11991,leading_space;alphabetic;capitalized_candidate
16806,ikhail,696b6861696c,6,11970,alphabetic
16841,ethel,657468656c,5,11936,alphabetic
16894,anskrit,616e736b726974,7,11882,alphabetic
16897,mercially,6d65726369616c6c79,9,11878,alphabetic;suffix_shape
16921,assis,6173736973,5,11853,alphabetic
16938,␠volt,20766f6c74,5,11833,leading_space;alphabetic
16942,ález,c3a16c657a,5,11825,alphabetic
17004,NESCO,4e4553434f,5,11755,alphabetic
17084,␠neighb,206e6569676862,7,11669,leading_space;alphabetic
17098,etheless,657468656c657373,8,11651,alphabetic
17110,cester,636573746572,6,11630,alphabetic
17166,␠Dres,2044726573,5,11576,leading_space;alphabetic;capitalized_candidate
17188,igins,6967696e73,5,11558,alphabetic
17190,rokee,726f6b6565,5,11554,alphabetic
17221,␠Hast,2048617374,5,11512,leading_space;alphabetic;capitalized_candidate
17233,lephant,6c657068616e74,7,11508,alphabetic
17265,␠tob,20746f62,4,11471,leading_space;alphabetic
17266,Paint,5061696e74,5,11470,alphabetic;capitalized_candidate
17283,iuseppe,69757365707065,7,11458,alphabetic
17285,ópez,c3b370657a,5,11457,alphabetic
17293,eonato,656f6e61746f,6,11447,alphabetic
17301,likely,6c696b656c79,6,11444,alphabetic;suffix_shape
17322,ipel,6970656c,4,11422,alphabetic
17346,raltar,72616c746172,6,11395,alphabetic
17371,ctica,6374696361,5,11371,alphabetic
17423,␠Juda,204a756461,5,11321,leading_space;alphabetic;capitalized_candidate
17430,␠tonn,20746f6e6e,5,11311,leading_space;alphabetic
17439,␠illeg,20696c6c6567,6,11304,leading_space;alphabetic
17457,␠Syrac,205379726163,6,11278,leading_space;alphabetic;capitalized_candidate
17492,olades,6f6c61646573,6,11233,alphabetic
17525,␠Dors,20446f7273,5,11197,leading_space;alphabetic;capitalized_candidate
17568,ottage,6f7474616765,6,11140,alphabetic
17583,ytechn,79746563686e,6,11125,alphabetic
17590,Scient,536369656e74,6,11116,alphabetic;capitalized_candidate
17595,ounters,6f756e74657273,7,11108,alphabetic;suffix_shape
17660,␠hi,206869,3,11030,leading_space;alphabetic
17726,berra,6265727261,5,10960,alphabetic
17755,␠cryst,206372797374,6,10917,leading_space;alphabetic
17769,uchess,756368657373,6,10903,alphabetic
17777,uitar,7569746172,5,10900,alphabetic
17822,guez,6775657a,4,10868,alphabetic
17825,emberg,656d62657267,6,10866,alphabetic
17913,itorium,69746f7269756d,7,10794,alphabetic
17918,vances,76616e636573,6,10789,alphabetic
17954,␠Berks,204265726b73,6,10755,leading_space;alphabetic;capitalized_candidate
17955,ríguez,72c3ad6775657a,7,10751,alphabetic
18026,␠touc,20746f7563,5,10682,leading_space;alphabetic
18051,iseries,69736572696573,7,10655,alphabetic
18068,ipei,69706569,4,10636,alphabetic
18089,werp,77657270,4,10621,alphabetic
18122,Finn,46696e6e,4,10600,alphabetic;capitalized_candidate
18124,olkata,6f6c6b617461,6,10597,alphabetic
18138,␠gastrop,2067617374726f70,8,10589,leading_space;alphabetic
18157,␠dioces,2064696f636573,7,10565,leading_space;alphabetic
18161,␠Veh,20566568,4,10558,leading_space;alphabetic;capitalized_candidate
18216,␠Hyder,204879646572,6,10497,leading_space;alphabetic;capitalized_candidate
18220,auth,61757468,4,10495,alphabetic
18262,Indones,496e646f6e6573,7,10441,alphabetic;capitalized_candidate
18288,ertation,6572746174696f6e,8,10416,alphabetic;suffix_shape
18308,eylon,65796c6f6e,5,10390,alphabetic
18318,cue,637565,3,10383,alphabetic
18347,opez,6f70657a,4,10350,alphabetic
18366,␠decommission,206465636f6d6d697373696f6e,13,10336,leading_space;alphabetic
18372,cutta,6375747461,5,10329,alphabetic
18373,␠Siber,205369626572,6,10327,leading_space;alphabetic;capitalized_candidate
18387,ircraft,69726372616674,7,10321,alphabetic
18396,ardment,6172646d656e74,7,10312,alphabetic;suffix_shape
18438,␠ell,20656c6c,4,10271,leading_space;alphabetic
18478,reshold,726573686f6c64,7,10231,alphabetic
18482,leanor,6c65616e6f72,6,10230,alphabetic
18487,reens,7265656e73,5,10226,alphabetic
18488,lications,6c69636174696f6e73,9,10226,alphabetic
18532,acritic,61637269746963,7,10192,alphabetic
18573,␠amalg,20616d616c67,6,10160,leading_space;alphabetic
18624,zens,7a656e73,4,10108,alphabetic
18633,␠Voiv,20566f6976,5,10103,leading_space;alphabetic;capitalized_candidate
18676,␠invas,20696e766173,6,10061,leading_space;alphabetic
18691,orrect,6f7272656374,6,10045,alphabetic
18696,âtre,c3a2747265,5,10039,alphabetic
18723,comed,636f6d6564,5,10011,alphabetic;suffix_shape
18727,eele,65656c65,4,10007,alphabetic
18728,␠conson,20636f6e736f6e,7,10003,leading_space;alphabetic
18737,␠Nicarag,204e696361726167,8,9997,leading_space;alphabetic;capitalized_candidate
18798,␠Scandin,205363616e64696e,8,9946,leading_space;alphabetic;capitalized_candidate
18816,␠Bolog,20426f6c6f67,6,9929,leading_space;alphabetic;capitalized_candidate
18841,ongue,6f6e677565,5,9905,alphabetic
18853,␠discipl,206469736369706c,8,9897,leading_space;alphabetic
18867,eptiles,657074696c6573,7,9889,alphabetic
18890,rities,726974696573,6,9871,alphabetic
18895,utherland,75746865726c616e64,9,9867,alphabetic
18896,ignt,69676e74,4,9864,alphabetic
18902,iodiversity,696f646976657273697479,11,9859,alphabetic
18909,nership,6e657273686970,7,9856,alphabetic
18910,␠enorm,20656e6f726d,6,9854,leading_space;alphabetic
18989,unningham,756e6e696e6768616d,9,9791,alphabetic
19009,Malays,4d616c617973,6,9773,alphabetic;capitalized_candidate
19023,mour,6d6f7572,4,9763,alphabetic
19037,isbury,697362757279,6,9749,alphabetic
19048,sonian,736f6e69616e,6,9739,alphabetic
19049,ttemberg,7474656d62657267,8,9739,alphabetic
19075,ondiss,6f6e64697373,6,9721,alphabetic
19098,␠sear,2073656172,5,9703,leading_space;alphabetic
19127,ipelago,6970656c61676f,7,9681,alphabetic
19129,␠Polytechn,20506f6c79746563686e,10,9679,leading_space;alphabetic;capitalized_candidate
19155,␠Fitzg,204669747a67,6,9651,leading_space;alphabetic;capitalized_candidate
19170,andez,616e64657a,5,9636,alphabetic
19188,ignty,69676e7479,5,9622,alphabetic
19263,ürttemberg,c3bc727474656d62657267,11,9566,alphabetic
19314,odeship,6f646573686970,7,9537,alphabetic
19320,advant,616476616e74,6,9533,alphabetic
19327,ulance,756c616e6365,6,9531,alphabetic
19348,␠Mozamb,204d6f7a616d62,7,9509,leading_space;alphabetic;capitalized_candidate
19379,NEOS,4e454f53,4,9483,alphabetic
19422,eback,656261636b,5,9454,alphabetic
19444,Mean,4d65616e,4,9438,alphabetic;capitalized_candidate
19472,opters,6f7074657273,6,9415,alphabetic;suffix_shape
19498,them,7468656d,4,9399,alphabetic
19514,␠reper,207265706572,6,9385,leading_space;alphabetic
19539,toire,746f697265,5,9368,alphabetic
19545,bernatorial,6265726e61746f7269616c,11,9357,alphabetic
19563,␠turt,2074757274,5,9348,leading_space;alphabetic
19677,␠insu,20696e7375,5,9271,leading_space;alphabetic
19694,cyl,63796c,3,9262,alphabetic
19714,ellites,656c6c69746573,7,9246,alphabetic
19734,␠Jagu,204a616775,5,9225,leading_space;alphabetic;capitalized_candidate
19813,␠Decl,204465636c,5,9168,leading_space;alphabetic;capitalized_candidate
19857,ancock,616e636f636b,6,9137,alphabetic
19860,␠Espa,2045737061,5,9137,leading_space;alphabetic;capitalized_candidate
19863,␠Martí,204d617274c3ad,7,9135,leading_space;alphabetic;capitalized_candidate
19926,oldt,6f6c6474,4,9090,alphabetic
19927,␠interf,20696e74657266,7,9090,leading_space;alphabetic
19999,␠Kyr,204b7972,4,9038,leading_space;alphabetic;capitalized_candidate
20049,wicks,7769636b73,5,9003,alphabetic
20186,ilib,696c6962,4,8914,alphabetic
20194,asteries,6173746572696573,8,8909,alphabetic
20262,␠Evel,204576656c,5,8857,leading_space;alphabetic;capitalized_candidate
20277,upiter,757069746572,6,8849,alphabetic
20304,␠coe,20636f65,4,8826,leading_space;alphabetic
20311,dish,64697368,4,8822,alphabetic
20318,␠Reven,20526576656e,6,8815,leading_space;alphabetic;capitalized_candidate
20352,Gastrop,47617374726f70,7,8794,alphabetic;capitalized_candidate
20364,terdam,74657264616d,6,8788,alphabetic
20386,irut,69727574,4,8770,alphabetic
20389,fortunately,666f7274756e6174656c79,11,8767,alphabetic;suffix_shape
20400,raul,7261756c,4,8762,alphabetic
20439,anteed,616e74656564,6,8738,alphabetic;suffix_shape
20444,thor,74686f72,4,8732,alphabetic
20447,pswich,707377696368,6,8730,alphabetic
20486,gyz,67797a,3,8695,alphabetic
20565,␠nitro,206e6974726f,6,8644,leading_space;alphabetic
20597,wickshire,7769636b7368697265,9,8632,alphabetic
20617,asthan,61737468616e,6,8622,alphabetic
20738,skins,736b696e73,5,8553,alphabetic
20746,ánchez,c3a16e6368657a,7,8548,alphabetic
20780,␠Brune,204272756e65,6,8519,leading_space;alphabetic;capitalized_candidate
20782,␠Zü,205ac3bc,4,8517,leading_space;alphabetic;capitalized_candidate
20800,tshire,747368697265,6,8508,alphabetic
20801,relim,72656c696d,5,8508,alphabetic
20829,␠undef,20756e646566,6,8490,leading_space;alphabetic
20865,␠Bucc,2042756363,5,8462,leading_space;alphabetic;capitalized_candidate
20944,Tunes,54756e6573,5,8415,alphabetic;capitalized_candidate
20965,raints,7261696e7473,6,8403,alphabetic
20971,idelberg,6964656c62657267,8,8398,alphabetic
20984,␠Okin,204f6b696e,5,8391,leading_space;alphabetic;capitalized_candidate
20987,␠ambit,20616d626974,6,8389,leading_space;alphabetic
21066,ascus,6173637573,5,8341,alphabetic
21087,rador,7261646f72,5,8322,alphabetic
21105,xiety,7869657479,5,8311,alphabetic
21172,leet,6c656574,4,8264,alphabetic
21192,␠Provision,2050726f766973696f6e,10,8247,leading_space;alphabetic;capitalized_candidate
21210,merged,6d6572676564,6,8238,alphabetic;suffix_shape
21218,millan,6d696c6c616e,6,8233,alphabetic
21227,␠stom,2073746f6d,5,8228,leading_space;alphabetic
21250,␠uncons,20756e636f6e73,7,8213,leading_space;alphabetic
21259,adequ,6164657175,5,8207,alphabetic
21322,inald,696e616c64,5,8164,alphabetic
21369,␠Byr,20427972,4,8135,leading_space;alphabetic;capitalized_candidate
21379,esperson,6573706572736f6e,8,8129,alphabetic
21395,ealous,65616c6f7573,6,8121,alphabetic
21413,reliminary,72656c696d696e617279,10,8111,alphabetic
21436,␠cancell,2063616e63656c6c,8,8099,leading_space;alphabetic
21466,erneath,65726e65617468,7,8078,alphabetic
21474,␠courty,20636f75727479,7,8072,leading_space;alphabetic
21504,␠Proceed,2050726f63656564,8,8054,leading_space;alphabetic;capitalized_candidate
21554,EEE,454545,3,8025,alphabetic
21585,isely,6973656c79,5,8010,alphabetic;suffix_shape
21654,umboldt,756d626f6c6474,7,7972,alphabetic
21687,Hou,486f75,3,7950,alphabetic;capitalized_candidate
21726,\xe9\x95,e995,2,7919,contains_symbol
21739,␠Stras,205374726173,6,7910,leading_space;alphabetic;capitalized_candidate
21764,␠diox,2064696f78,5,7889,leading_space;alphabetic
21773,achute,616368757465,6,7882,alphabetic
21821,olson,6f6c736f6e,5,7853,alphabetic
21852,ividually,6976696475616c6c79,9,7834,alphabetic;suffix_shape
21878,skirts,736b69727473,6,7816,alphabetic
21891,iratory,697261746f7279,7,7809,alphabetic
21967,␠enslav,20656e736c6176,7,7762,leading_space;alphabetic
22024,aleigh,616c65696768,6,7723,alphabetic
22063,ilibrium,696c69627269756d,8,7704,alphabetic
22081,eningrad,656e696e67726164,8,7693,alphabetic
22090,␠reminis,2072656d696e6973,8,7686,leading_space;alphabetic
22151,isticated,697374696361746564,9,7653,alphabetic;suffix_shape
22193,scill,7363696c6c,5,7631,alphabetic
22221,absburg,61627362757267,7,7616,alphabetic
22263,racks,7261636b73,5,7589,alphabetic
22282,estershire,65737465727368697265,10,7582,alphabetic
22310,psons,70736f6e73,5,7566,alphabetic
22332,bilt,62696c74,4,7553,alphabetic
22405,immers,696d6d657273,6,7513,alphabetic;suffix_shape
22457,tole,746f6c65,4,7491,alphabetic
22468,␠Buccane,2042756363616e65,8,7488,leading_space;alphabetic;capitalized_candidate
22548,ancel,616e63656c,5,7436,alphabetic
22570,rolet,726f6c6574,5,7418,alphabetic
22585,ropshire,726f707368697265,8,7411,alphabetic
22603,␠compuls,20636f6d70756c73,8,7395,leading_space;alphabetic
22733,rossover,726f73736f766572,8,7323,alphabetic
22738,␠inadequ,20696e6164657175,8,7319,leading_space;alphabetic
22746,␠unanim,20756e616e696d,7,7315,leading_space;alphabetic
22797,Franç,4672616ec3a7,6,7293,alphabetic;capitalized_candidate
22802,agons,61676f6e73,5,7291,alphabetic
22805,artney,6172746e6579,6,7290,alphabetic
22863,itud,69747564,4,7260,alphabetic
22904,ichita,696368697461,6,7232,alphabetic
22925,␠\xe2\x94,20e294,3,7221,leading_space;contains_symbol
22946,trak,7472616b,4,7211,alphabetic
22993,␠bure,2062757265,5,7187,leading_space;alphabetic
22996,eldorf,656c646f7266,6,7187,alphabetic
23029,␠Bahá,20426168c3a1,6,7173,leading_space;alphabetic;capitalized_candidate
23100,␠Có,2043c3b3,4,7138,leading_space;alphabetic;capitalized_candidate
23117,changed,6368616e676564,7,7131,alphabetic;suffix_shape
23133,jandro,6a616e64726f,6,7118,alphabetic
23289,␠Dí,2044c3ad,4,7042,leading_space;alphabetic;capitalized_candidate
23334,␠Colise,20436f6c697365,7,7020,leading_space;alphabetic;capitalized_candidate
23340,CACAF,4341434146,5,7017,alphabetic
23368,olulu,6f6c756c75,5,7003,alphabetic
23414,oclass,6f636c617373,6,6983,alphabetic
23421,nyder,6e79646572,5,6981,alphabetic
23426,underb,756e64657262,6,6979,alphabetic
23439,ipperary,6970706572617279,8,6972,alphabetic
23462,omac,6f6d6163,4,6960,alphabetic
23488,␠acquis,20616371756973,7,6950,leading_space;alphabetic
23512,omans,6f6d616e73,5,6939,alphabetic
23517,␠Bots,20426f7473,5,6937,leading_space;alphabetic;capitalized_candidate
23585,␠unpre,20756e707265,6,6905,leading_space;alphabetic
23592,übner,c3bc626e6572,6,6904,alphabetic
23655,syched,737963686564,6,6871,alphabetic;suffix_shape
23660,␠protoc,2070726f746f63,7,6866,leading_space;alphabetic
23671,igibility,69676962696c697479,9,6861,alphabetic
23673,␠Schiffer,205363686966666572,9,6861,leading_space;alphabetic;capitalized_candidate
23678,tonshire,746f6e7368697265,8,6857,alphabetic
23707,oween,6f7765656e,5,6844,alphabetic
23733,solete,736f6c657465,6,6833,alphabetic
23747,ethoven,6574686f76656e,7,6829,alphabetic
23760,␠lyr,206c7972,4,6820,leading_space;alphabetic
23785,oviets,6f7669657473,6,6811,alphabetic
23803,elenov,656c656e6f76,6,6803,alphabetic
23839,kaid,6b616964,4,6789,alphabetic
23842,sseldorf,7373656c646f7266,8,6787,alphabetic
23868,mberg,6d62657267,5,6772,alphabetic
23888,␠Ruther,20527574686572,7,6764,leading_space;alphabetic;capitalized_candidate
23893,␠Seahaw,20536561686177,7,6763,leading_space;alphabetic;capitalized_candidate
23906,repe,72657065,4,6756,alphabetic
23954,amptonshire,616d70746f6e7368697265,11,6739,alphabetic
23965,letes,6c65746573,5,6736,alphabetic
24005,␠merchand,206d65726368616e64,9,6716,leading_space;alphabetic
24057,xico,7869636f,4,6690,alphabetic
24173,ajevo,616a65766f,5,6637,alphabetic
24232,Buff,42756666,4,6617,alphabetic;capitalized_candidate
24265,querque,71756572717565,7,6600,alphabetic
24308,arcer,6172636572,5,6582,alphabetic
24326,enhower,656e686f776572,7,6575,alphabetic
24337,ighed,6967686564,5,6571,alphabetic;suffix_shape
24358,herst,6865727374,5,6559,alphabetic
24388,␠faç,206661c3a7,5,6549,leading_space;alphabetic
24401,itudinal,69747564696e616c,8,6538,alphabetic
24407,ausole,6175736f6c65,6,6535,alphabetic
24428,␠gol,20676f6c,4,6526,leading_space;alphabetic
24494,ailles,61696c6c6573,6,6496,alphabetic
24569,nius,6e697573,4,6466,alphabetic
24579,texts,7465787473,5,6464,alphabetic
24596,ubbard,756262617264,6,6457,alphabetic
24620,␠enz,20656e7a,4,6447,leading_space;alphabetic
24625,␠Daven,20446176656e,6,6446,leading_space;alphabetic;capitalized_candidate
24690,ichuan,69636875616e,6,6421,alphabetic
24693,␠Brasile,2042726173696c65,8,6421,leading_space;alphabetic;capitalized_candidate
24696,ydon,79646f6e,4,6420,alphabetic
24714,␠Pors,20506f7273,5,6412,leading_space;alphabetic;capitalized_candidate
24767,␠Moin,204d6f696e,5,6388,leading_space;alphabetic;capitalized_candidate
24773,rewsbury,7265777362757279,8,6386,alphabetic
24781,␠mari,206d617269,5,6381,leading_space;alphabetic
24786,jacent,6a6163656e74,6,6380,alphabetic
24837,ertile,657274696c65,6,6355,alphabetic
24894,Syd,537964,3,6329,alphabetic;capitalized_candidate
24916,legiate,6c656769617465,7,6320,alphabetic
24919,ammu,616d6d75,4,6320,alphabetic
24939,parents,706172656e7473,7,6310,alphabetic
24945,␠afore,2061666f7265,6,6305,leading_space;alphabetic
24982,adation,61646174696f6e,7,6289,alphabetic;suffix_shape
25090,␠Meck,204d65636b,5,6245,leading_space;alphabetic;capitalized_candidate
25099,ilkenny,696c6b656e6e79,7,6241,alphabetic
25100,␠Córd,2043c3b37264,6,6241,leading_space;alphabetic;capitalized_candidate
25133,opposed,6f70706f736564,7,6226,alphabetic;suffix_shape
25151,␠uran,207572616e,5,6219,leading_space;alphabetic
25155,ésar,c3a9736172,5,6219,alphabetic
25166,cedented,636564656e746564,8,6216,alphabetic;suffix_shape
25186,atorship,61746f7273686970,8,6208,alphabetic
25201,tenham,74656e68616d,6,6200,alphabetic
25282,isdom,6973646f6d,5,6166,alphabetic
25310,␠Spok,2053706f6b,5,6154,leading_space;alphabetic;capitalized_candidate
25328,atabases,6174616261736573,8,6149,alphabetic
25389,lenburg,6c656e62757267,7,6124,alphabetic
25432,akala,616b616c61,5,6107,alphabetic
25446,efeller,6566656c6c6572,7,6101,alphabetic
25500,␠Consolid,20436f6e736f6c6964,9,6083,leading_space;alphabetic;capitalized_candidate
25527,␠convinc,20636f6e76696e63,8,6071,leading_space;alphabetic
25530,␠bureauc,2062757265617563,8,6071,leading_space;alphabetic
25538,␠Ambro,20416d62726f,6,6068,leading_space;alphabetic;capitalized_candidate
25541,ummond,756d6d6f6e64,6,6067,alphabetic
25575,ubljana,75626c6a616e61,7,6053,alphabetic
25601,Airl,4169726c,4,6044,alphabetic;capitalized_candidate
25726,onnaissance,6f6e6e61697373616e6365,11,6000,alphabetic
25810,udders,756464657273,6,5968,alphabetic;suffix_shape
25812,ribers,726962657273,6,5967,alphabetic;suffix_shape
25846,clip,636c6970,4,5956,alphabetic
25871,embley,656d626c6579,6,5945,alphabetic
25947,iasm,6961736d,4,5920,alphabetic
25970,ctoral,63746f72616c,6,5912,alphabetic
25983,ottenham,6f7474656e68616d,8,5907,alphabetic
26026,␠cylind,2063796c696e64,7,5891,leading_space;alphabetic
26048,␠Albu,20416c6275,5,5884,leading_space;alphabetic;capitalized_candidate
26073,uremberg,7572656d62657267,8,5873,alphabetic
26084,Achie,4163686965,5,5869,alphabetic;capitalized_candidate
26129,lighten,6c69676874656e,7,5854,alphabetic
26175,iburg,6962757267,5,5837,alphabetic
26178,donald,646f6e616c64,6,5837,alphabetic
26185,ajara,616a617261,5,5835,alphabetic
26216,urnames,75726e616d6573,7,5827,alphabetic
26218,␠erup,2065727570,5,5826,leading_space;alphabetic
26236,lehem,6c6568656d,5,5816,alphabetic
26251,gorod,676f726f64,5,5812,alphabetic
26308,␠Guth,2047757468,5,5792,leading_space;alphabetic;capitalized_candidate
26330,itimate,6974696d617465,7,5785,alphabetic
26332,waffe,7761666665,5,5782,alphabetic
26342,␠latt,206c617474,5,5779,leading_space;alphabetic
26378,␠fart,2066617274,5,5768,leading_space;alphabetic
26423,inished,696e6973686564,7,5752,alphabetic;suffix_shape
26439,iddish,696464697368,6,5747,alphabetic
26463,eredith,65726564697468,7,5738,alphabetic
26513,réal,72c3a9616c,5,5722,alphabetic
26601,errilla,657272696c6c61,7,5687,alphabetic
26681,ustion,757374696f6e,6,5659,alphabetic;suffix_shape
26700,apeake,617065616b65,6,5654,alphabetic
26704,␠heredit,2068657265646974,8,5653,leading_space;alphabetic
26737,Frid,46726964,4,5645,alphabetic;capitalized_candidate
26780,juana,6a75616e61,5,5631,alphabetic
26785,␠Geomet,2047656f6d6574,7,5630,leading_space;alphabetic;capitalized_candidate
26836,ppo,70706f,3,5616,alphabetic
26840,appropriate,617070726f707269617465,11,5616,alphabetic
26896,␠Bourn,20426f75726e,6,5596,leading_space;alphabetic;capitalized_candidate
26967,mbH,6d6248,3,5574,alphabetic
26979,esigned,657369676e6564,7,5570,alphabetic;suffix_shape
27051,CCF,434346,3,5550,alphabetic
27099,unnan,756e6e616e,5,5531,alphabetic
27211,taker,74616b6572,5,5497,alphabetic
27274,bilisi,62696c697369,6,5477,alphabetic
27301,ennale,656e6e616c65,6,5471,alphabetic
27317,angana,616e67616e61,6,5467,alphabetic
27512,␠Laus,204c617573,5,5411,leading_space;alphabetic;capitalized_candidate
27534,ificates,6966696361746573,8,5406,alphabetic
27567,␠lia,206c6961,4,5392,leading_space;alphabetic
27625,ypse,79707365,4,5376,alphabetic
27635,␠Nanj,204e616e6a,5,5373,leading_space;alphabetic;capitalized_candidate
27643,udad,75646164,4,5372,alphabetic
27644,alez,616c657a,4,5372,alphabetic
27678,␠Hary,2048617279,5,5360,leading_space;alphabetic;capitalized_candidate
27679,␠Gugg,2047756767,5,5360,leading_space;alphabetic;capitalized_candidate
27691,adur,61647572,4,5357,alphabetic
27709,ridgeshire,72696467657368697265,10,5353,alphabetic
27713,ummers,756d6d657273,6,5352,alphabetic;suffix_shape
27718,␠Tolk,20546f6c6b,5,5350,leading_space;alphabetic;capitalized_candidate
27745,élix,c3a96c6978,5,5343,alphabetic
27752,gross,67726f7373,5,5341,alphabetic
27798,itchie,697463686965,6,5329,alphabetic
27828,uddersfield,7564646572736669656c64,11,5319,alphabetic
27896,bration,62726174696f6e,7,5301,alphabetic;suffix_shape
27924,omez,6f6d657a,4,5294,alphabetic
28042,aekw,61656b77,4,5266,alphabetic
28058,rocod,726f636f64,5,5263,alphabetic
28117,uliar,756c696172,5,5245,alphabetic
28119,beaten,62656174656e,6,5245,alphabetic
28123,opatra,6f7061747261,6,5243,alphabetic
28142,␠Husk,204875736b,5,5239,leading_space;alphabetic;capitalized_candidate
28145,uerite,756572697465,6,5239,alphabetic
28153,omencl,6f6d656e636c,6,5237,alphabetic
28193,untarily,756e746172696c79,8,5227,alphabetic;suffix_shape
28261,␠therape,2074686572617065,8,5209,leading_space;alphabetic
28266,␠Chey,2043686579,5,5209,leading_space;alphabetic;capitalized_candidate
28286,␠frig,2066726967,5,5204,leading_space;alphabetic
28342,acium,616369756d,5,5186,alphabetic
28392,joys,6a6f7973,4,5171,alphabetic
28430,abody,61626f6479,5,5158,alphabetic
28468,Prin,5072696e,4,5146,alphabetic;capitalized_candidate
28484,flicts,666c69637473,6,5142,alphabetic
28495,␠Riks,2052696b73,5,5140,leading_space;alphabetic;capitalized_candidate
28513,odeon,6f64656f6e,5,5136,alphabetic
28571,ptions,7074696f6e73,6,5120,alphabetic
28596,inemann,696e656d616e6e,7,5113,alphabetic
28603,␠unpopul,20756e706f70756c,8,5111,leading_space;alphabetic
28613,islava,69736c617661,6,5107,alphabetic
28632,lares,6c61726573,5,5102,alphabetic
28645,ismar,69736d6172,5,5098,alphabetic
28646,␠Prepar,20507265706172,7,5098,leading_space;alphabetic;capitalized_candidate
28649,henburg,68656e62757267,7,5097,alphabetic
28676,anoi,616e6f69,4,5088,alphabetic
28812,echtenstein,65636874656e737465696e,11,5056,alphabetic
28867,glomer,676c6f6d6572,6,5039,alphabetic
28988,astrous,617374726f7573,7,5006,alphabetic
29010,acula,6163756c61,5,4999,alphabetic
29013,␠tremend,207472656d656e64,8,4999,leading_space;alphabetic
29015,ttes,74746573,4,4998,alphabetic
29036,uably,7561626c79,5,4994,alphabetic;suffix_shape
29078,acteria,61637465726961,7,4984,alphabetic
29102,ubishi,756269736869,6,4973,alphabetic
29107,␠vern,207665726e,5,4972,leading_space;alphabetic
29108,ftime,6674696d65,5,4971,alphabetic
29131,ebol,65626f6c,4,4967,alphabetic
29242,AFTA,41465441,4,4939,alphabetic
29280,airobi,6169726f6269,6,4931,alphabetic
29296,Fabric,466162726963,6,4924,alphabetic;capitalized_candidate
29393,venskan,76656e736b616e,7,4900,alphabetic
29404,othschild,6f7468736368696c64,9,4897,alphabetic
29407,␠Dort,20446f7274,5,4896,leading_space;alphabetic;capitalized_candidate
29432,eligible,656c696769626c65,8,4890,alphabetic;suffix_shape
29441,␠envision,20656e766973696f6e,9,4888,leading_space;alphabetic
29469,émon,c3a96d6f6e,5,4878,alphabetic
29541,␠Smack,20536d61636b,6,4862,leading_space;alphabetic;capitalized_candidate
29655,␠Göt,2047c3b674,5,4831,leading_space;alphabetic;capitalized_candidate
29665,clipse,636c69707365,6,4829,alphabetic
29759,struments,737472756d656e7473,9,4797,alphabetic
29793,␠tsun,207473756e,5,4789,leading_space;alphabetic
29802,erevan,65726576616e,6,4787,alphabetic
29811,ễ,e1bb85,3,4784,alphabetic
29821,␠Jerem,204a6572656d,6,4782,leading_space;alphabetic;capitalized_candidate
29847,Kurd,4b757264,4,4774,alphabetic;capitalized_candidate
29862,␠albed,20616c626564,6,4772,leading_space;alphabetic
29868,␠Chiche,20436869636865,7,4771,leading_space;alphabetic;capitalized_candidate
29918,espie,6573706965,5,4759,alphabetic
29932,agoza,61676f7a61,5,4756,alphabetic
29992,␠forc,20666f7263,5,4741,leading_space;alphabetic
30057,undai,756e646169,5,4723,alphabetic
30139,inched,696e63686564,6,4700,alphabetic;suffix_shape
30152,uelta,75656c7461,5,4694,alphabetic
30194,ecost,65636f7374,5,4684,alphabetic
30208,aloniki,616c6f6e696b69,7,4680,alphabetic
30241,perture,70657274757265,7,4670,alphabetic
30242,ramatta,72616d61747461,7,4670,alphabetic
30263,olomew,6f6c6f6d6577,6,4664,alphabetic
30357,embles,656d626c6573,6,4644,alphabetic
30409,ithecia,69746865636961,7,4628,alphabetic
30438,␠evid,2065766964,5,4621,leading_space;alphabetic
30483,ễn,e1bb856e,4,4610,alphabetic
30509,oncé,6f6e63c3a9,5,4600,alphabetic
30537,thms,74686d73,4,4593,alphabetic
30538,weeney,7765656e6579,6,4593,alphabetic
30572,hevi,68657669,4,4584,alphabetic
30587,utiny,7574696e79,5,4581,alphabetic
30723,aparte,617061727465,6,4553,alphabetic
30736,izoph,697a6f7068,5,4550,alphabetic
30759,␠paramil,20706172616d696c,8,4545,leading_space;alphabetic
30787,angor,616e676f72,5,4535,alphabetic
30864,校,e6a0a1,3,4514,alphabetic
30866,ithmetic,6974686d65746963,8,4513,alphabetic
30873,ugsburg,75677362757267,7,4511,alphabetic
30952,itored,69746f726564,6,4491,alphabetic;suffix_shape
30977,alympic,616c796d706963,7,4486,alphabetic
30979,agements,6167656d656e7473,8,4485,alphabetic
30985,acruz,616372757a,5,4483,alphabetic
31049,awesi,6177657369,5,4470,alphabetic
31086,cony,636f6e79,4,4458,alphabetic
31089,minent,6d696e656e74,6,4458,alphabetic
31107,Brack,427261636b,5,4452,alphabetic;capitalized_candidate
31108,sala,73616c61,4,4452,alphabetic
31139,endish,656e64697368,6,4448,alphabetic
31196,chwitz,63687769747a,6,4438,alphabetic
31214,vance,76616e6365,5,4434,alphabetic
31281,uphin,757068696e,5,4421,alphabetic
31343,dominal,646f6d696e616c,7,4405,alphabetic
31374,enaries,656e6172696573,7,4400,alphabetic
31419,adua,61647561,4,4391,alphabetic
31476,␠invis,20696e766973,6,4379,leading_space;alphabetic
31512,iduous,6964756f7573,6,4370,alphabetic
31522,renches,72656e63686573,7,4367,alphabetic
31535,ismarck,69736d6172636b,7,4365,alphabetic
31551,cessions,63657373696f6e73,8,4361,alphabetic
31574,aronne,61726f6e6e65,6,4355,alphabetic
31661,aquin,617175696e,5,4337,alphabetic
31834,izophren,697a6f706872656e,8,4302,alphabetic
31839,urasian,7572617369616e,7,4300,alphabetic
31869,nań,6e61c584,4,4294,alphabetic
31929,␠Indoch,20496e646f6368,7,4278,leading_space;alphabetic;capitalized_candidate
31978,ukuoka,756b756f6b61,6,4266,alphabetic
31994,idalgo,6964616c676f,6,4264,alphabetic
32051,ispr,69737072,4,4250,alphabetic
32077,␠Fusil,20467573696c,6,4244,leading_space;alphabetic;capitalized_candidate
32301,␠cott,20636f7474,5,4193,leading_space;alphabetic
32357,nesset,6e6573736574,6,4182,alphabetic
32437,urdays,757264617973,6,4167,alphabetic
32549,iress,6972657373,5,4141,alphabetic
32665,lysses,6c7973736573,6,4118,alphabetic
32676,rmacht,726d61636874,6,4116,alphabetic
32814,írez,c3ad72657a,5,4086,alphabetic
32886,issens,697373656e73,6,4072,alphabetic
32939,fficients,6666696369656e7473,9,4062,alphabetic
33228,␠Domes,20446f6d6573,6,4005,leading_space;alphabetic;capitalized_candidate
33237,␠Racew,205261636577,6,4002,leading_space;alphabetic;capitalized_candidate
33323,␠Susque,20537573717565,7,3988,leading_space;alphabetic;capitalized_candidate
33872,ocalypt,6f63616c797074,7,3887,alphabetic
33879,acerb,6163657262,5,3886,alphabetic
34040,unkn,756e6b6e,4,3858,alphabetic
34244,regor,7265676f72,5,3822,alphabetic
34319,liferation,6c696665726174696f6e,10,3810,alphabetic;suffix_shape
34842,ivisie,697669736965,6,3717,alphabetic
